,Expiry,Tenor
0,10.0,10.0
1,10.0,15.0
2,10.0,1.5
3,10.0,1.0
4,10.0,2.0
5,10.0,3.0
6,10.0,4.0
7,10.0,5.0
8,10.0,8.0
9,15.0,10.0
10,15.0,15.0
11,15.0,1.5
12,15.0,1.0
13,15.0,2.0
14,15.0,3.0
15,15.0,4.0
16,15.0,5.0
17,15.0,8.0
18,1.5,10.0
19,1.5,15.0
20,1.5,1.5
21,1.5,1.0
22,1.5,2.0
23,1.5,3.0
24,1.5,4.0
25,1.5,5.0
26,1.5,8.0
27,1.0,10.0
28,1.0,15.0
29,1.0,1.5
30,1.0,1.0
31,1.0,2.0
32,1.0,3.0
33,1.0,4.0
34,1.0,5.0
35,1.0,8.0
36,2.0,10.0
37,2.0,15.0
38,2.0,1.5
39,2.0,1.0
40,2.0,2.0
41,2.0,3.0
42,2.0,4.0
43,2.0,5.0
44,2.0,8.0
45,3.0,10.0
46,3.0,15.0
47,3.0,1.5
48,3.0,1.0
49,3.0,2.0
50,3.0,3.0
51,3.0,4.0
52,3.0,5.0
53,3.0,8.0
54,4.0,10.0
55,4.0,15.0
56,4.0,1.5
57,4.0,1.0
58,4.0,2.0
59,4.0,3.0
60,4.0,4.0
61,4.0,5.0
62,4.0,8.0
63,5.0,10.0
64,5.0,15.0
65,5.0,1.5
66,5.0,1.0
67,5.0,2.0
68,5.0,3.0
69,5.0,4.0
70,5.0,5.0
71,5.0,8.0
72,8.0,10.0
73,8.0,15.0
74,8.0,1.5
75,8.0,1.0
76,8.0,2.0
77,8.0,3.0
78,8.0,4.0
79,8.0,5.0
80,8.0,8.0
